2.0,2.0,0.0
22.006662451952366,62.629745231314075,0.0,20.599128285315892,62.180507929552896
25.32173078522532,62.629745231314075,0.0,23.914196618588843,62.180507929552896
28.63679911849827,62.629745231314075,0.0,27.229264951861794,62.180507929552896
31.951867451771225,62.629745231314075,0.0,30.544333285134748,62.180507929552896
35.266935785044176,62.629745231314075,1e-06,33.8594016184077,62.180507929552896
38.58200411831713,62.629745231314075,0.0,37.17446995168065,62.180507929552896
41.89707245159008,62.629745231314075,0.0,40.4895382849536,62.180507929552896
45.21214078486303,62.629745231314075,0.0,43.80460661822656,62.180507929552896
48.52720911813598,62.629745231314075,0.0,47.119674951499505,62.180507929552896
51.84227745140893,62.629745231314075,1e-06,50.43474328477245,62.180507929552896
55.15734578468188,62.629745231314075,1e-06,53.749811618045406,62.180507929552896
58.47241411795484,62.629745231314075,0.0,57.06487995131836,62.180507929552896
61.78748245122779,62.629745231314075,0.0,60.379948284591315,62.180507929552896
65.10255078450074,62.629745231314075,0.0,63.69501661786426,62.180507929552896
68.41761911777368,62.629745231314075,0.0,67.01008495113722,62.180507929552896
71.73268745104664,62.629745231314075,0.0,70.32515328441016,62.180507929552896
75.0477557843196,62.629745231314075,0.0,73.64022161768312,62.180507929552896
78.36282411759254,62.629745231314075,0.0,76.95528995095607,62.180507929552896
81.6778924508655,62.629745231314075,0.0,80.27035828422902,62.180507929552896
84.99296078413846,62.629745231314075,0.0,83.58542661750198,62.180507929552896
22.006662451952366,64.02821983483642,0.0,20.599128285315892,63.57898253307525
25.32173078522532,64.02821983483642,0.0,23.914196618588843,63.57898253307525
28.63679911849827,64.02821983483642,0.0,27.229264951861794,63.57898253307525
31.951867451771225,64.02821983483642,0.0,30.544333285134748,63.57898253307525
35.266935785044176,64.02821983483642,0.0,33.8594016184077,63.57898253307525
38.58200411831713,64.02821983483642,0.0,37.17446995168065,63.57898253307525
41.89707245159008,64.02821983483642,0.0,40.4895382849536,63.57898253307525
45.21214078486303,64.02821983483642,0.0,43.80460661822656,63.57898253307525
48.52720911813598,64.02821983483642,1e-06,47.119674951499505,63.57898253307525
51.84227745140893,64.02821983483642,0.0,50.43474328477245,63.57898253307525
55.15734578468188,64.02821983483642,0.0,53.749811618045406,63.57898253307525
58.47241411795484,64.02821983483642,0.0,57.06487995131836,63.57898253307525
61.78748245122779,64.02821983483642,0.0,60.379948284591315,63.57898253307525
65.10255078450074,64.02821983483642,0.0,63.69501661786426,63.57898253307525
68.41761911777368,64.02821983483642,0.0,67.01008495113722,63.57898253307525
71.73268745104664,64.02821983483642,0.0,70.32515328441016,63.57898253307525
75.0477557843196,64.02821983483642,0.0,73.64022161768312,63.57898253307525
78.36282411759254,64.02821983483642,0.0,76.95528995095607,63.57898253307525
81.6778924508655,64.02821983483642,0.0,80.27035828422902,63.57898253307525
84.99296078413846,64.02821983483642,0.0,83.58542661750198,63.57898253307525
22.006662451952366,65.4266944383588,0.0,20.599128285315892,64.97745713659761
25.32173078522532,65.4266944383588,0.0,23.914196618588843,64.97745713659761
28.63679911849827,65.4266944383588,0.0,27.229264951861794,64.97745713659761
31.951867451771225,65.4266944383588,0.0,30.544333285134748,64.97745713659761
35.266935785044176,65.4266944383588,0.0,33.8594016184077,64.97745713659761
38.58200411831713,65.4266944383588,0.0,37.17446995168065,64.97745713659761
41.89707245159008,65.4266944383588,1e-06,40.4895382849536,64.97745713659761
45.21214078486303,65.4266944383588,0.0,43.80460661822656,64.97745713659761
48.52720911813598,65.4266944383588,2e-06,47.119674951499505,64.97745713659761
51.84227745140893,65.4266944383588,1e-06,50.43474328477245,64.97745713659761
55.15734578468188,65.4266944383588,0.0,53.749811618045406,64.97745713659761
58.47241411795484,65.4266944383588,1e-06,57.06487995131836,64.97745713659761
61.78748245122779,65.4266944383588,1e-06,60.379948284591315,64.97745713659761
65.10255078450074,65.4266944383588,0.0,63.69501661786426,64.97745713659761
68.41761911777368,65.4266944383588,0.0,67.01008495113722,64.97745713659761
71.73268745104664,65.4266944383588,0.0,70.32515328441016,64.97745713659761
75.0477557843196,65.4266944383588,0.0,73.64022161768312,64.97745713659761
78.36282411759254,65.4266944383588,0.0,76.95528995095607,64.97745713659761
81.6778924508655,65.4266944383588,0.0,80.27035828422902,64.97745713659761
84.99296078413846,65.4266944383588,0.0,83.58542661750198,64.97745713659761
22.006662451952366,66.82516904188114,0.0,20.599128285315892,66.37593174011997
25.32173078522532,66.82516904188114,1e-06,23.914196618588843,66.37593174011997
28.63679911849827,66.82516904188114,0.0,27.229264951861794,66.37593174011997
31.951867451771225,66.82516904188114,0.0,30.544333285134748,66.37593174011997
35.266935785044176,66.82516904188114,0.0,33.8594016184077,66.37593174011997
38.58200411831713,66.82516904188114,1e-06,37.17446995168065,66.37593174011997
41.89707245159008,66.82516904188114,2e-06,40.4895382849536,66.37593174011997
45.21214078486303,66.82516904188114,0.0,43.80460661822656,66.37593174011997
48.52720911813598,66.82516904188114,1e-06,47.119674951499505,66.37593174011997
51.84227745140893,66.82516904188114,3e-06,50.43474328477245,66.37593174011997
55.15734578468188,66.82516904188114,0.0,53.749811618045406,66.37593174011997
58.47241411795484,66.82516904188114,0.0,57.06487995131836,66.37593174011997
61.78748245122779,66.82516904188114,1e-06,60.379948284591315,66.37593174011997
65.10255078450074,66.82516904188114,0.0,63.69501661786426,66.37593174011997
68.41761911777368,66.82516904188114,1e-06,67.01008495113722,66.37593174011997
71.73268745104664,66.82516904188114,0.0,70.32515328441016,66.37593174011997
75.0477557843196,66.82516904188114,0.0,73.64022161768312,66.37593174011997
78.36282411759254,66.82516904188114,0.0,76.95528995095607,66.37593174011997
81.6778924508655,66.82516904188114,0.0,80.27035828422902,66.37593174011997
84.99296078413846,66.82516904188114,0.0,83.58542661750198,66.37593174011997
22.006662451952366,68.22364364540348,0.0,20.599128285315892,67.77440634364231
25.32173078522532,68.22364364540348,0.0,23.914196618588843,67.77440634364231
28.63679911849827,68.22364364540348,0.0,27.229264951861794,67.77440634364231
31.951867451771225,68.22364364540348,1e-06,30.544333285134748,67.77440634364231
35.266935785044176,68.22364364540348,0.0,33.8594016184077,67.77440634364231
38.58200411831713,68.22364364540348,3e-06,37.17446995168065,67.77440634364231
41.89707245159008,68.22364364540348,2e-06,40.4895382849536,67.77440634364231
45.21214078486303,68.22364364540348,3e-06,43.80460661822656,67.77440634364231
48.52720911813598,68.22364364540348,4e-06,47.119674951499505,67.77440634364231
51.84227745140893,68.22364364540348,3e-06,50.43474328477245,67.77440634364231
55.15734578468188,68.22364364540348,3e-06,53.749811618045406,67.77440634364231
58.47241411795484,68.22364364540348,1e-06,57.06487995131836,67.77440634364231
61.78748245122779,68.22364364540348,2e-06,60.379948284591315,67.77440634364231
65.10255078450074,68.22364364540348,1e-06,63.69501661786426,67.77440634364231
68.41761911777368,68.22364364540348,0.0,67.01008495113722,67.77440634364231
71.73268745104664,68.22364364540348,0.0,70.32515328441016,67.77440634364231
75.0477557843196,68.22364364540348,0.0,73.64022161768312,67.77440634364231
78.36282411759254,68.22364364540348,0.0,76.95528995095607,67.77440634364231
81.6778924508655,68.22364364540348,0.0,80.27035828422902,67.77440634364231
84.99296078413846,68.22364364540348,0.0,83.58542661750198,67.77440634364231
22.006662451952366,69.62211824892586,1e-06,20.599128285315892,69.17288094716467
25.32173078522532,69.62211824892586,1e-06,23.914196618588843,69.17288094716467
28.63679911849827,69.62211824892586,0.0,27.229264951861794,69.17288094716467
31.951867451771225,69.62211824892586,2e-06,30.544333285134748,69.17288094716467
35.266935785044176,69.62211824892586,2e-06,33.8594016184077,69.17288094716467
38.58200411831713,69.62211824892586,3e-06,37.17446995168065,69.17288094716467
41.89707245159008,69.62211824892586,6.999999999999999e-06,40.4895382849536,69.17288094716467
45.21214078486303,69.62211824892586,1.5000000000000004e-05,43.80460661822656,69.17288094716467
48.52720911813598,69.62211824892586,6.999999999999999e-06,47.119674951499505,69.17288094716467
51.84227745140893,69.62211824892586,1.2000000000000002e-05,50.43474328477245,69.17288094716467
55.15734578468188,69.62211824892586,4e-06,53.749811618045406,69.17288094716467
58.47241411795484,69.62211824892586,6.999999999999999e-06,57.06487995131836,69.17288094716467
61.78748245122779,69.62211824892586,5.999999999999999e-06,60.379948284591315,69.17288094716467
65.10255078450074,69.62211824892586,3e-06,63.69501661786426,69.17288094716467
68.41761911777368,69.62211824892586,1e-06,67.01008495113722,69.17288094716467
71.73268745104664,69.62211824892586,1e-06,70.32515328441016,69.17288094716467
75.0477557843196,69.62211824892586,0.0,73.64022161768312,69.17288094716467
78.36282411759254,69.62211824892586,0.0,76.95528995095607,69.17288094716467
81.6778924508655,69.62211824892586,0.0,80.27035828422902,69.17288094716467
84.99296078413846,69.62211824892586,0.0,83.58542661750198,69.17288094716467
22.006662451952366,71.0205928524482,0.0,20.599128285315892,70.57135555068703
25.32173078522532,71.0205928524482,0.0,23.914196618588843,70.57135555068703
28.63679911849827,71.0205928524482,0.0,27.229264951861794,70.57135555068703
31.951867451771225,71.0205928524482,3e-06,30.544333285134748,70.57135555068703
35.266935785044176,71.0205928524482,4e-06,33.8594016184077,70.57135555068703
38.58200411831713,71.0205928524482,4.9999999999999996e-06,37.17446995168065,70.57135555068703
41.89707245159008,71.0205928524482,8e-06,40.4895382849536,70.57135555068703
45.21214078486303,71.0205928524482,1.2000000000000002e-05,43.80460661822656,70.57135555068703
48.52720911813598,71.0205928524482,1e-05,47.119674951499505,70.57135555068703
51.84227745140893,71.0205928524482,9e-06,50.43474328477245,70.57135555068703
55.15734578468188,71.0205928524482,6.999999999999999e-06,53.749811618045406,70.57135555068703
58.47241411795484,71.0205928524482,4e-06,57.06487995131836,70.57135555068703
61.78748245122779,71.0205928524482,4e-06,60.379948284591315,70.57135555068703
65.10255078450074,71.0205928524482,4e-06,63.69501661786426,70.57135555068703
68.41761911777368,71.0205928524482,2e-06,67.01008495113722,70.57135555068703
71.73268745104664,71.0205928524482,1e-06,70.32515328441016,70.57135555068703
75.0477557843196,71.0205928524482,0.0,73.64022161768312,70.57135555068703
78.36282411759254,71.0205928524482,1e-06,76.95528995095607,70.57135555068703
81.6778924508655,71.0205928524482,0.0,80.27035828422902,70.57135555068703
84.99296078413846,71.0205928524482,0.0,83.58542661750198,70.57135555068703
22.006662451952366,72.41906745597055,0.0,20.599128285315892,71.96983015420938
25.32173078522532,72.41906745597055,0.0,23.914196618588843,71.96983015420938
28.63679911849827,72.41906745597055,2e-06,27.229264951861794,71.96983015420938
31.951867451771225,72.41906745597055,1e-06,30.544333285134748,71.96983015420938
35.266935785044176,72.41906745597055,6.999999999999999e-06,33.8594016184077,71.96983015420938
38.58200411831713,72.41906745597055,1e-05,37.17446995168065,71.96983015420938
41.89707245159008,72.41906745597055,9e-06,40.4895382849536,71.96983015420938
45.21214078486303,72.41906745597055,1.4000000000000003e-05,43.80460661822656,71.96983015420938
48.52720911813598,72.41906745597055,1.9000000000000004e-05,47.119674951499505,71.96983015420938
51.84227745140893,72.41906745597055,1.8000000000000004e-05,50.43474328477245,71.96983015420938
55.15734578468188,72.41906745597055,1.6000000000000003e-05,53.749811618045406,71.96983015420938
58.47241411795484,72.41906745597055,1.2000000000000002e-05,57.06487995131836,71.96983015420938
61.78748245122779,72.41906745597055,6.999999999999999e-06,60.379948284591315,71.96983015420938
65.10255078450074,72.41906745597055,8e-06,63.69501661786426,71.96983015420938
68.41761911777368,72.41906745597055,3e-06,67.01008495113722,71.96983015420938
71.73268745104664,72.41906745597055,0.0,70.32515328441016,71.96983015420938
75.0477557843196,72.41906745597055,3e-06,73.64022161768312,71.96983015420938
78.36282411759254,72.41906745597055,2e-06,76.95528995095607,71.96983015420938
81.6778924508655,72.41906745597055,0.0,80.27035828422902,71.96983015420938
84.99296078413846,72.41906745597055,1e-06,83.58542661750198,71.96983015420938
22.006662451952366,73.81754205949292,1e-06,20.599128285315892,73.36830475773174
25.32173078522532,73.81754205949292,2e-06,23.914196618588843,73.36830475773174
28.63679911849827,73.81754205949292,1e-06,27.229264951861794,73.36830475773174
31.951867451771225,73.81754205949292,4.9999999999999996e-06,30.544333285134748,73.36830475773174
35.266935785044176,73.81754205949292,6.999999999999999e-06,33.8594016184077,73.36830475773174
38.58200411831713,73.81754205949292,1.8000000000000004e-05,37.17446995168065,73.36830475773174
41.89707245159008,73.81754205949292,2.4000000000000007e-05,40.4895382849536,73.36830475773174
45.21214078486303,73.81754205949292,2.4000000000000007e-05,43.80460661822656,73.36830475773174
48.52720911813598,73.81754205949292,3.000000000000001e-05,47.119674951499505,73.36830475773174
51.84227745140893,73.81754205949292,2.800000000000001e-05,50.43474328477245,73.36830475773174
55.15734578468188,73.81754205949292,2.700000000000001e-05,53.749811618045406,73.36830475773174
58.47241411795484,73.81754205949292,1.7000000000000003e-05,57.06487995131836,73.36830475773174
61.78748245122779,73.81754205949292,1.3000000000000003e-05,60.379948284591315,73.36830475773174
65.10255078450074,73.81754205949292,8e-06,63.69501661786426,73.36830475773174
68.41761911777368,73.81754205949292,4e-06,67.01008495113722,73.36830475773174
71.73268745104664,73.81754205949292,3e-06,70.32515328441016,73.36830475773174
75.0477557843196,73.81754205949292,0.0,73.64022161768312,73.36830475773174
78.36282411759254,73.81754205949292,1e-06,76.95528995095607,73.36830475773174
81.6778924508655,73.81754205949292,0.0,80.27035828422902,73.36830475773174
84.99296078413846,73.81754205949292,0.0,83.58542661750198,73.36830475773174
22.006662451952366,75.21601666301527,1e-06,20.599128285315892,74.7667793612541
25.32173078522532,75.21601666301527,1e-06,23.914196618588843,74.7667793612541
28.63679911849827,75.21601666301527,4.9999999999999996e-06,27.229264951861794,74.7667793612541
31.951867451771225,75.21601666301527,1.4000000000000003e-05,30.544333285134748,74.7667793612541
35.266935785044176,75.21601666301527,1e-05,33.8594016184077,74.7667793612541
38.58200411831713,75.21601666301527,1.9000000000000004e-05,37.17446995168065,74.7667793612541
41.89707245159008,75.21601666301527,2.700000000000001e-05,40.4895382849536,74.7667793612541
45.21214078486303,75.21601666301527,3.8999999999999986e-05,43.80460661822656,74.7667793612541
48.52720911813598,75.21601666301527,3.100000000000001e-05,47.119674951499505,74.7667793612541
51.84227745140893,75.21601666301527,3.3e-05,50.43474328477245,74.7667793612541
55.15734578468188,75.21601666301527,2.900000000000001e-05,53.749811618045406,74.7667793612541
58.47241411795484,75.21601666301527,2.900000000000001e-05,57.06487995131836,74.7667793612541
61.78748245122779,75.21601666301527,2.4000000000000007e-05,60.379948284591315,74.7667793612541
65.10255078450074,75.21601666301527,1.3000000000000003e-05,63.69501661786426,74.7667793612541
68.41761911777368,75.21601666301527,5.999999999999999e-06,67.01008495113722,74.7667793612541
71.73268745104664,75.21601666301527,4e-06,70.32515328441016,74.7667793612541
75.0477557843196,75.21601666301527,1e-06,73.64022161768312,74.7667793612541
78.36282411759254,75.21601666301527,1e-06,76.95528995095607,74.7667793612541
81.6778924508655,75.21601666301527,0.0,80.27035828422902,74.7667793612541
84.99296078413846,75.21601666301527,0.0,83.58542661750198,74.7667793612541
22.006662451952366,76.61449126653763,0.0,20.599128285315892,76.16525396477645
25.32173078522532,76.61449126653763,1e-06,23.914196618588843,76.16525396477645
28.63679911849827,76.61449126653763,3e-06,27.229264951861794,76.16525396477645
31.951867451771225,76.61449126653763,1.1000000000000001e-05,30.544333285134748,76.16525396477645
35.266935785044176,76.61449126653763,1.7000000000000003e-05,33.8594016184077,76.16525396477645
38.58200411831713,76.61449126653763,3.4e-05,37.17446995168065,76.16525396477645
41.89707245159008,76.61449126653763,3.000000000000001e-05,40.4895382849536,76.16525396477645
45.21214078486303,76.61449126653763,4.5999999999999966e-05,43.80460661822656,76.16525396477645
48.52720911813598,76.61449126653763,3.8999999999999986e-05,47.119674951499505,76.16525396477645
51.84227745140893,76.61449126653763,4.399999999999997e-05,50.43474328477245,76.16525396477645
55.15734578468188,76.61449126653763,3.799999999999999e-05,53.749811618045406,76.16525396477645
58.47241411795484,76.61449126653763,2.1000000000000006e-05,57.06487995131836,76.16525396477645
61.78748245122779,76.61449126653763,1.7000000000000003e-05,60.379948284591315,76.16525396477645
65.10255078450074,76.61449126653763,1.9000000000000004e-05,63.69501661786426,76.16525396477645
68.41761911777368,76.61449126653763,5.999999999999999e-06,67.01008495113722,76.16525396477645
71.73268745104664,76.61449126653763,4e-06,70.32515328441016,76.16525396477645
75.0477557843196,76.61449126653763,1e-06,73.64022161768312,76.16525396477645
78.36282411759254,76.61449126653763,2e-06,76.95528995095607,76.16525396477645
81.6778924508655,76.61449126653763,0.0,80.27035828422902,76.16525396477645
84.99296078413846,76.61449126653763,0.0,83.58542661750198,76.16525396477645
22.006662451952366,78.01296587005999,1e-06,20.599128285315892,77.5637285682988
25.32173078522532,78.01296587005999,2e-06,23.914196618588843,77.5637285682988
28.63679911849827,78.01296587005999,2e-06,27.229264951861794,77.5637285682988
31.951867451771225,78.01296587005999,8e-06,30.544333285134748,77.5637285682988
35.266935785044176,78.01296587005999,1.2000000000000002e-05,33.8594016184077,77.5637285682988
38.58200411831713,78.01296587005999,3.799999999999999e-05,37.17446995168065,77.5637285682988
41.89707245159008,78.01296587005999,5.2999999999999947e-05,40.4895382849536,77.5637285682988
45.21214078486303,78.01296587005999,5.199999999999995e-05,43.80460661822656,77.5637285682988
48.52720911813598,78.01296587005999,4.9999999999999955e-05,47.119674951499505,77.5637285682988
51.84227745140893,78.01296587005999,4.9999999999999955e-05,50.43474328477245,77.5637285682988
55.15734578468188,78.01296587005999,4.699999999999996e-05,53.749811618045406,77.5637285682988
58.47241411795484,78.01296587005999,4.199999999999998e-05,57.06487995131836,77.5637285682988
61.78748245122779,78.01296587005999,2.4000000000000007e-05,60.379948284591315,77.5637285682988
65.10255078450074,78.01296587005999,1.7000000000000003e-05,63.69501661786426,77.5637285682988
68.41761911777368,78.01296587005999,9e-06,67.01008495113722,77.5637285682988
71.73268745104664,78.01296587005999,5.999999999999999e-06,70.32515328441016,77.5637285682988
75.0477557843196,78.01296587005999,5.999999999999999e-06,73.64022161768312,77.5637285682988
78.36282411759254,78.01296587005999,1e-06,76.95528995095607,77.5637285682988
81.6778924508655,78.01296587005999,0.0,80.27035828422902,77.5637285682988
84.99296078413846,78.01296587005999,0.0,83.58542661750198,77.5637285682988
22.006662451952366,79.41144047358233,2e-06,20.599128285315892,78.96220317182116
25.32173078522532,79.41144047358233,0.0,23.914196618588843,78.96220317182116
28.63679911849827,79.41144047358233,3e-06,27.229264951861794,78.96220317182116
31.951867451771225,79.41144047358233,1.4000000000000003e-05,30.544333285134748,78.96220317182116
35.266935785044176,79.41144047358233,1.6000000000000003e-05,33.8594016184077,78.96220317182116
38.58200411831713,79.41144047358233,2.900000000000001e-05,37.17446995168065,78.96220317182116
41.89707245159008,79.41144047358233,3.999999999999998e-05,40.4895382849536,78.96220317182116
45.21214078486303,79.41144047358233,6.299999999999992e-05,43.80460661822656,78.96220317182116
48.52720911813598,79.41144047358233,4.5999999999999966e-05,47.119674951499505,78.96220317182116
51.84227745140893,79.41144047358233,6.299999999999992e-05,50.43474328477245,78.96220317182116
55.15734578468188,79.41144047358233,5.499999999999994e-05,53.749811618045406,78.96220317182116
58.47241411795484,79.41144047358233,3.699999999999999e-05,57.06487995131836,78.96220317182116
61.78748245122779,79.41144047358233,1.6000000000000003e-05,60.379948284591315,78.96220317182116
65.10255078450074,79.41144047358233,1.6000000000000003e-05,63.69501661786426,78.96220317182116
68.41761911777368,79.41144047358233,4.9999999999999996e-06,67.01008495113722,78.96220317182116
71.73268745104664,79.41144047358233,9e-06,70.32515328441016,78.96220317182116
75.0477557843196,79.41144047358233,1e-06,73.64022161768312,78.96220317182116
78.36282411759254,79.41144047358233,1e-06,76.95528995095607,78.96220317182116
81.6778924508655,79.41144047358233,0.0,80.27035828422902,78.96220317182116
84.99296078413846,79.41144047358233,0.0,83.58542661750198,78.96220317182116
22.006662451952366,80.8099150771047,0.0,20.599128285315892,80.36067777534352
25.32173078522532,80.8099150771047,3e-06,23.914196618588843,80.36067777534352
28.63679911849827,80.8099150771047,1.2000000000000002e-05,27.229264951861794,80.36067777534352
31.951867451771225,80.8099150771047,1e-05,30.544333285134748,80.36067777534352
35.266935785044176,80.8099150771047,2.4000000000000007e-05,33.8594016184077,80.36067777534352
38.58200411831713,80.8099150771047,3.2000000000000005e-05,37.17446995168065,80.36067777534352
41.89707245159008,80.8099150771047,4.2999999999999975e-05,40.4895382849536,80.36067777534352
45.21214078486303,80.8099150771047,6.199999999999992e-05,43.80460661822656,80.36067777534352
48.52720911813598,80.8099150771047,6.0999999999999924e-05,47.119674951499505,80.36067777534352
51.84227745140893,80.8099150771047,5.799999999999993e-05,50.43474328477245,80.36067777534352
55.15734578468188,80.8099150771047,4.399999999999997e-05,53.749811618045406,80.36067777534352
58.47241411795484,80.8099150771047,4.099999999999998e-05,57.06487995131836,80.36067777534352
61.78748245122779,80.8099150771047,2.3000000000000007e-05,60.379948284591315,80.36067777534352
65.10255078450074,80.8099150771047,2.0000000000000005e-05,63.69501661786426,80.36067777534352
68.41761911777368,80.8099150771047,9e-06,67.01008495113722,80.36067777534352
71.73268745104664,80.8099150771047,1.3000000000000003e-05,70.32515328441016,80.36067777534352
75.0477557843196,80.8099150771047,4e-06,73.64022161768312,80.36067777534352
78.36282411759254,80.8099150771047,2e-06,76.95528995095607,80.36067777534352
81.6778924508655,80.8099150771047,0.0,80.27035828422902,80.36067777534352
84.99296078413846,80.8099150771047,1e-06,83.58542661750198,80.36067777534352
22.006662451952366,82.20838968062705,0.0,20.599128285315892,81.75915237886588
25.32173078522532,82.20838968062705,3e-06,23.914196618588843,81.75915237886588
28.63679911849827,82.20838968062705,5.999999999999999e-06,27.229264951861794,81.75915237886588
31.951867451771225,82.20838968062705,1e-05,30.544333285134748,81.75915237886588
35.266935785044176,82.20838968062705,2.3000000000000007e-05,33.8594016184077,81.75915237886588
38.58200411831713,82.20838968062705,2.5000000000000008e-05,37.17446995168065,81.75915237886588
41.89707245159008,82.20838968062705,4.5999999999999966e-05,40.4895382849536,81.75915237886588
45.21214078486303,82.20838968062705,5.199999999999995e-05,43.80460661822656,81.75915237886588
48.52720911813598,82.20838968062705,4.399999999999997e-05,47.119674951499505,81.75915237886588
51.84227745140893,82.20838968062705,4.199999999999998e-05,50.43474328477245,81.75915237886588
55.15734578468188,82.20838968062705,3.699999999999999e-05,53.749811618045406,81.75915237886588
58.47241411795484,82.20838968062705,3.4e-05,57.06487995131836,81.75915237886588
61.78748245122779,82.20838968062705,2.800000000000001e-05,60.379948284591315,81.75915237886588
65.10255078450074,82.20838968062705,2.1000000000000006e-05,63.69501661786426,81.75915237886588
68.41761911777368,82.20838968062705,1e-05,67.01008495113722,81.75915237886588
71.73268745104664,82.20838968062705,4.9999999999999996e-06,70.32515328441016,81.75915237886588
75.0477557843196,82.20838968062705,4.9999999999999996e-06,73.64022161768312,81.75915237886588
78.36282411759254,82.20838968062705,1e-06,76.95528995095607,81.75915237886588
81.6778924508655,82.20838968062705,1e-06,80.27035828422902,81.75915237886588
84.99296078413846,82.20838968062705,0.0,83.58542661750198,81.75915237886588
22.006662451952366,83.6068642841494,2e-06,20.599128285315892,83.15762698238822
25.32173078522532,83.6068642841494,1e-06,23.914196618588843,83.15762698238822
28.63679911849827,83.6068642841494,6.999999999999999e-06,27.229264951861794,83.15762698238822
31.951867451771225,83.6068642841494,1e-05,30.544333285134748,83.15762698238822
35.266935785044176,83.6068642841494,1.2000000000000002e-05,33.8594016184077,83.15762698238822
38.58200411831713,83.6068642841494,1.9000000000000004e-05,37.17446995168065,83.15762698238822
41.89707245159008,83.6068642841494,2.700000000000001e-05,40.4895382849536,83.15762698238822
45.21214078486303,83.6068642841494,3.799999999999999e-05,43.80460661822656,83.15762698238822
48.52720911813598,83.6068642841494,4.699999999999996e-05,47.119674951499505,83.15762698238822
51.84227745140893,83.6068642841494,3.699999999999999e-05,50.43474328477245,83.15762698238822
55.15734578468188,83.6068642841494,4.099999999999998e-05,53.749811618045406,83.15762698238822
58.47241411795484,83.6068642841494,3.2000000000000005e-05,57.06487995131836,83.15762698238822
61.78748245122779,83.6068642841494,1.8000000000000004e-05,60.379948284591315,83.15762698238822
65.10255078450074,83.6068642841494,1.5000000000000004e-05,63.69501661786426,83.15762698238822
68.41761911777368,83.6068642841494,9e-06,67.01008495113722,83.15762698238822
71.73268745104664,83.6068642841494,4.9999999999999996e-06,70.32515328441016,83.15762698238822
75.0477557843196,83.6068642841494,3e-06,73.64022161768312,83.15762698238822
78.36282411759254,83.6068642841494,1e-06,76.95528995095607,83.15762698238822
81.6778924508655,83.6068642841494,2e-06,80.27035828422902,83.15762698238822
84.99296078413846,83.6068642841494,0.0,83.58542661750198,83.15762698238822
22.006662451952366,85.00533888767177,0.0,20.599128285315892,84.55610158591058
25.32173078522532,85.00533888767177,0.0,23.914196618588843,84.55610158591058
28.63679911849827,85.00533888767177,4.9999999999999996e-06,27.229264951861794,84.55610158591058
31.951867451771225,85.00533888767177,5.999999999999999e-06,30.544333285134748,84.55610158591058
35.266935785044176,85.00533888767177,1.9000000000000004e-05,33.8594016184077,84.55610158591058
38.58200411831713,85.00533888767177,1.4000000000000003e-05,37.17446995168065,84.55610158591058
41.89707245159008,85.00533888767177,3.000000000000001e-05,40.4895382849536,84.55610158591058
45.21214078486303,85.00533888767177,3.3e-05,43.80460661822656,84.55610158591058
48.52720911813598,85.00533888767177,5.2999999999999947e-05,47.119674951499505,84.55610158591058
51.84227745140893,85.00533888767177,3.5999999999999994e-05,50.43474328477245,84.55610158591058
55.15734578468188,85.00533888767177,3.2000000000000005e-05,53.749811618045406,84.55610158591058
58.47241411795484,85.00533888767177,2.600000000000001e-05,57.06487995131836,84.55610158591058
61.78748245122779,85.00533888767177,2.0000000000000005e-05,60.379948284591315,84.55610158591058
65.10255078450074,85.00533888767177,1.6000000000000003e-05,63.69501661786426,84.55610158591058
68.41761911777368,85.00533888767177,3e-06,67.01008495113722,84.55610158591058
71.73268745104664,85.00533888767177,3e-06,70.32515328441016,84.55610158591058
75.0477557843196,85.00533888767177,1e-06,73.64022161768312,84.55610158591058
78.36282411759254,85.00533888767177,1e-06,76.95528995095607,84.55610158591058
81.6778924508655,85.00533888767177,0.0,80.27035828422902,84.55610158591058
84.99296078413846,85.00533888767177,1e-06,83.58542661750198,84.55610158591058
22.006662451952366,86.40381349119411,0.0,20.599128285315892,85.95457618943294
25.32173078522532,86.40381349119411,1e-06,23.914196618588843,85.95457618943294
28.63679911849827,86.40381349119411,2e-06,27.229264951861794,85.95457618943294
31.951867451771225,86.40381349119411,6.999999999999999e-06,30.544333285134748,85.95457618943294
35.266935785044176,86.40381349119411,1.3000000000000003e-05,33.8594016184077,85.95457618943294
38.58200411831713,86.40381349119411,1.7000000000000003e-05,37.17446995168065,85.95457618943294
41.89707245159008,86.40381349119411,2.700000000000001e-05,40.4895382849536,85.95457618943294
45.21214078486303,86.40381349119411,2.700000000000001e-05,43.80460661822656,85.95457618943294
48.52720911813598,86.40381349119411,2.600000000000001e-05,47.119674951499505,85.95457618943294
51.84227745140893,86.40381349119411,2.700000000000001e-05,50.43474328477245,85.95457618943294
55.15734578468188,86.40381349119411,1.7000000000000003e-05,53.749811618045406,85.95457618943294
58.47241411795484,86.40381349119411,1.7000000000000003e-05,57.06487995131836,85.95457618943294
61.78748245122779,86.40381349119411,1.3000000000000003e-05,60.379948284591315,85.95457618943294
65.10255078450074,86.40381349119411,6.999999999999999e-06,63.69501661786426,85.95457618943294
68.41761911777368,86.40381349119411,5.999999999999999e-06,67.01008495113722,85.95457618943294
71.73268745104664,86.40381349119411,4.9999999999999996e-06,70.32515328441016,85.95457618943294
75.0477557843196,86.40381349119411,1e-06,73.64022161768312,85.95457618943294
78.36282411759254,86.40381349119411,0.0,76.95528995095607,85.95457618943294
81.6778924508655,86.40381349119411,0.0,80.27035828422902,85.95457618943294
84.99296078413846,86.40381349119411,0.0,83.58542661750198,85.95457618943294
22.006662451952366,87.80228809471646,1e-06,20.599128285315892,87.35305079295529
25.32173078522532,87.80228809471646,0.0,23.914196618588843,87.35305079295529
28.63679911849827,87.80228809471646,3e-06,27.229264951861794,87.35305079295529
31.951867451771225,87.80228809471646,1e-05,30.544333285134748,87.35305079295529
35.266935785044176,87.80228809471646,5.999999999999999e-06,33.8594016184077,87.35305079295529
38.58200411831713,87.80228809471646,8e-06,37.17446995168065,87.35305079295529
41.89707245159008,87.80228809471646,1.4000000000000003e-05,40.4895382849536,87.35305079295529
45.21214078486303,87.80228809471646,1.1000000000000001e-05,43.80460661822656,87.35305079295529
48.52720911813598,87.80228809471646,1.4000000000000003e-05,47.119674951499505,87.35305079295529
51.84227745140893,87.80228809471646,1.4000000000000003e-05,50.43474328477245,87.35305079295529
55.15734578468188,87.80228809471646,2.0000000000000005e-05,53.749811618045406,87.35305079295529
58.47241411795484,87.80228809471646,1.7000000000000003e-05,57.06487995131836,87.35305079295529
61.78748245122779,87.80228809471646,1e-05,60.379948284591315,87.35305079295529
65.10255078450074,87.80228809471646,3e-06,63.69501661786426,87.35305079295529
68.41761911777368,87.80228809471646,2e-06,67.01008495113722,87.35305079295529
71.73268745104664,87.80228809471646,2e-06,70.32515328441016,87.35305079295529
75.0477557843196,87.80228809471646,0.0,73.64022161768312,87.35305079295529
78.36282411759254,87.80228809471646,1e-06,76.95528995095607,87.35305079295529
81.6778924508655,87.80228809471646,0.0,80.27035828422902,87.35305079295529
84.99296078413846,87.80228809471646,0.0,83.58542661750198,87.35305079295529
22.006662451952366,89.20076269823883,1e-06,20.599128285315892,88.75152539647765
25.32173078522532,89.20076269823883,0.0,23.914196618588843,88.75152539647765
28.63679911849827,89.20076269823883,1e-06,27.229264951861794,88.75152539647765
31.951867451771225,89.20076269823883,2e-06,30.544333285134748,88.75152539647765
35.266935785044176,89.20076269823883,4.9999999999999996e-06,33.8594016184077,88.75152539647765
38.58200411831713,89.20076269823883,5.999999999999999e-06,37.17446995168065,88.75152539647765
41.89707245159008,89.20076269823883,1.1000000000000001e-05,40.4895382849536,88.75152539647765
45.21214078486303,89.20076269823883,8e-06,43.80460661822656,88.75152539647765
48.52720911813598,89.20076269823883,9e-06,47.119674951499505,88.75152539647765
51.84227745140893,89.20076269823883,8e-06,50.43474328477245,88.75152539647765
55.15734578468188,89.20076269823883,1.1000000000000001e-05,53.749811618045406,88.75152539647765
58.47241411795484,89.20076269823883,5.999999999999999e-06,57.06487995131836,88.75152539647765
61.78748245122779,89.20076269823883,4e-06,60.379948284591315,88.75152539647765
65.10255078450074,89.20076269823883,2e-06,63.69501661786426,88.75152539647765
68.41761911777368,89.20076269823883,2e-06,67.01008495113722,88.75152539647765
71.73268745104664,89.20076269823883,0.0,70.32515328441016,88.75152539647765
75.0477557843196,89.20076269823883,0.0,73.64022161768312,88.75152539647765
78.36282411759254,89.20076269823883,2e-06,76.95528995095607,88.75152539647765
81.6778924508655,89.20076269823883,0.0,80.27035828422902,88.75152539647765
84.99296078413846,89.20076269823883,0.0,83.58542661750198,88.75152539647765
