2.0,2.0,0.0
2.6224558278631322,-27.499698782799214,6.299999999999992e-05,0.35,-29.749641306169295
7.6673674835893975,-27.499698782799214,8.399999999999986e-05,5.394911655726265,-29.749641306169295
12.712279139315662,-27.499698782799214,7.899999999999987e-05,10.43982331145253,-29.749641306169295
17.75719079504193,-27.499698782799214,6.699999999999991e-05,15.484734967178795,-29.749641306169295
22.802102450768196,-27.499698782799214,7.299999999999989e-05,20.529646622905062,-29.749641306169295
27.847014106494463,-27.499698782799214,6.99999999999999e-05,25.57455827863133,-29.749641306169295
32.89192576222072,-27.499698782799214,8.099999999999987e-05,30.619469934357593,-29.749641306169295
37.93683741794699,-27.499698782799214,6.699999999999991e-05,35.664381590083856,-29.749641306169295
42.98174907367326,-27.499698782799214,6.79999999999999e-05,40.70929324581012,-29.749641306169295
48.026660729399524,-27.499698782799214,6.89999999999999e-05,45.75420490153639,-29.749641306169295
53.07157238512579,-27.499698782799214,6.299999999999992e-05,50.79911655726266,-29.749641306169295
58.11648404085205,-27.499698782799214,6.79999999999999e-05,55.84402821298892,-29.749641306169295
63.16139569657831,-27.499698782799214,7.799999999999988e-05,60.888939868715184,-29.749641306169295
68.20630735230458,-27.499698782799214,7.699999999999988e-05,65.93385152444144,-29.749641306169295
73.25121900803083,-27.499698782799214,7.999999999999987e-05,70.9787631801677,-29.749641306169295
78.29613066375711,-27.499698782799214,7.399999999999989e-05,76.02367483589397,-29.749641306169295
83.34104231948336,-27.499698782799214,8.099999999999987e-05,81.06858649162024,-29.749641306169295
88.38595397520965,-27.499698782799214,7.699999999999988e-05,86.1134981473465,-29.749641306169295
93.4308656309359,-27.499698782799214,7.399999999999989e-05,91.15840980307277,-29.749641306169295
98.47577728666217,-27.499698782799214,7.399999999999989e-05,96.20332145879904,-29.749641306169295
2.6224558278631322,-22.499813736059053,7.999999999999987e-05,0.35,-24.749756259429134
7.6673674835893975,-22.499813736059053,6.79999999999999e-05,5.394911655726265,-24.749756259429134
12.712279139315662,-22.499813736059053,7.399999999999989e-05,10.43982331145253,-24.749756259429134
17.75719079504193,-22.499813736059053,7.09999999999999e-05,15.484734967178795,-24.749756259429134
22.802102450768196,-22.499813736059053,7.19999999999999e-05,20.529646622905062,-24.749756259429134
27.847014106494463,-22.499813736059053,8.099999999999987e-05,25.57455827863133,-24.749756259429134
32.89192576222072,-22.499813736059053,5.6999999999999935e-05,30.619469934357593,-24.749756259429134
37.93683741794699,-22.499813736059053,5.6999999999999935e-05,35.664381590083856,-24.749756259429134
42.98174907367326,-22.499813736059053,8.799999999999985e-05,40.70929324581012,-24.749756259429134
48.026660729399524,-22.499813736059053,7.699999999999988e-05,45.75420490153639,-24.749756259429134
53.07157238512579,-22.499813736059053,8.899999999999985e-05,50.79911655726266,-24.749756259429134
58.11648404085205,-22.499813736059053,6.199999999999992e-05,55.84402821298892,-24.749756259429134
63.16139569657831,-22.499813736059053,7.999999999999987e-05,60.888939868715184,-24.749756259429134
68.20630735230458,-22.499813736059053,8.499999999999986e-05,65.93385152444144,-24.749756259429134
73.25121900803083,-22.499813736059053,6.399999999999992e-05,70.9787631801677,-24.749756259429134
78.29613066375711,-22.499813736059053,8.199999999999987e-05,76.02367483589397,-24.749756259429134
83.34104231948336,-22.499813736059053,7.699999999999988e-05,81.06858649162024,-24.749756259429134
88.38595397520965,-22.499813736059053,6.399999999999992e-05,86.1134981473465,-24.749756259429134
93.4308656309359,-22.499813736059053,6.89999999999999e-05,91.15840980307277,-24.749756259429134
98.47577728666217,-22.499813736059053,6.599999999999991e-05,96.20332145879904,-24.749756259429134
2.6224558278631322,-17.499928689318896,8.299999999999986e-05,0.35,-19.749871212688976
7.6673674835893975,-17.499928689318896,4.9999999999999955e-05,5.394911655726265,-19.749871212688976
12.712279139315662,-17.499928689318896,7.399999999999989e-05,10.43982331145253,-19.749871212688976
17.75719079504193,-17.499928689318896,6.89999999999999e-05,15.484734967178795,-19.749871212688976
22.802102450768196,-17.499928689318896,7.799999999999988e-05,20.529646622905062,-19.749871212688976
27.847014106494463,-17.499928689318896,7.09999999999999e-05,25.57455827863133,-19.749871212688976
32.89192576222072,-17.499928689318896,7.499999999999989e-05,30.619469934357593,-19.749871212688976
37.93683741794699,-17.499928689318896,7.09999999999999e-05,35.664381590083856,-19.749871212688976
42.98174907367326,-17.499928689318896,8.399999999999986e-05,40.70929324581012,-19.749871212688976
48.026660729399524,-17.499928689318896,6.79999999999999e-05,45.75420490153639,-19.749871212688976
53.07157238512579,-17.499928689318896,6.89999999999999e-05,50.79911655726266,-19.749871212688976
58.11648404085205,-17.499928689318896,5.6999999999999935e-05,55.84402821298892,-19.749871212688976
63.16139569657831,-17.499928689318896,8.899999999999985e-05,60.888939868715184,-19.749871212688976
68.20630735230458,-17.499928689318896,7.499999999999989e-05,65.93385152444144,-19.749871212688976
73.25121900803083,-17.499928689318896,6.699999999999991e-05,70.9787631801677,-19.749871212688976
78.29613066375711,-17.499928689318896,7.399999999999989e-05,76.02367483589397,-19.749871212688976
83.34104231948336,-17.499928689318896,7.499999999999989e-05,81.06858649162024,-19.749871212688976
88.38595397520965,-17.499928689318896,8.999999999999984e-05,86.1134981473465,-19.749871212688976
93.4308656309359,-17.499928689318896,7.699999999999988e-05,91.15840980307277,-19.749871212688976
98.47577728666217,-17.499928689318896,8.499999999999986e-05,96.20332145879904,-19.749871212688976
2.6224558278631322,-12.500043642578738,8.999999999999984e-05,0.35,-14.749986165948817
7.6673674835893975,-12.500043642578738,7.299999999999989e-05,5.394911655726265,-14.749986165948817
12.712279139315662,-12.500043642578738,7.999999999999987e-05,10.43982331145253,-14.749986165948817
17.75719079504193,-12.500043642578738,8.599999999999985e-05,15.484734967178795,-14.749986165948817
22.802102450768196,-12.500043642578738,6.89999999999999e-05,20.529646622905062,-14.749986165948817
27.847014106494463,-12.500043642578738,7.499999999999989e-05,25.57455827863133,-14.749986165948817
32.89192576222072,-12.500043642578738,7.799999999999988e-05,30.619469934357593,-14.749986165948817
37.93683741794699,-12.500043642578738,8.199999999999987e-05,35.664381590083856,-14.749986165948817
42.98174907367326,-12.500043642578738,6.89999999999999e-05,40.70929324581012,-14.749986165948817
48.026660729399524,-12.500043642578738,6.0999999999999924e-05,45.75420490153639,-14.749986165948817
53.07157238512579,-12.500043642578738,8.299999999999986e-05,50.79911655726266,-14.749986165948817
58.11648404085205,-12.500043642578738,7.399999999999989e-05,55.84402821298892,-14.749986165948817
63.16139569657831,-12.500043642578738,6.199999999999992e-05,60.888939868715184,-14.749986165948817
68.20630735230458,-12.500043642578738,7.899999999999987e-05,65.93385152444144,-14.749986165948817
73.25121900803083,-12.500043642578738,6.499999999999991e-05,70.9787631801677,-14.749986165948817
78.29613066375711,-12.500043642578738,8.099999999999987e-05,76.02367483589397,-14.749986165948817
83.34104231948336,-12.500043642578738,8.099999999999987e-05,81.06858649162024,-14.749986165948817
88.38595397520965,-12.500043642578738,8.899999999999985e-05,86.1134981473465,-14.749986165948817
93.4308656309359,-12.500043642578738,8.299999999999986e-05,91.15840980307277,-14.749986165948817
98.47577728666217,-12.500043642578738,8.399999999999986e-05,96.20332145879904,-14.749986165948817
2.6224558278631322,-7.5001585958385775,5.799999999999993e-05,0.35,-9.750101119208658
7.6673674835893975,-7.5001585958385775,7.999999999999987e-05,5.394911655726265,-9.750101119208658
12.712279139315662,-7.5001585958385775,7.899999999999987e-05,10.43982331145253,-9.750101119208658
17.75719079504193,-7.5001585958385775,8.099999999999987e-05,15.484734967178795,-9.750101119208658
22.802102450768196,-7.5001585958385775,8.599999999999985e-05,20.529646622905062,-9.750101119208658
27.847014106494463,-7.5001585958385775,7.19999999999999e-05,25.57455827863133,-9.750101119208658
32.89192576222072,-7.5001585958385775,7.399999999999989e-05,30.619469934357593,-9.750101119208658
37.93683741794699,-7.5001585958385775,8.699999999999985e-05,35.664381590083856,-9.750101119208658
42.98174907367326,-7.5001585958385775,8.799999999999985e-05,40.70929324581012,-9.750101119208658
48.026660729399524,-7.5001585958385775,7.899999999999987e-05,45.75420490153639,-9.750101119208658
53.07157238512579,-7.5001585958385775,7.09999999999999e-05,50.79911655726266,-9.750101119208658
58.11648404085205,-7.5001585958385775,6.699999999999991e-05,55.84402821298892,-9.750101119208658
63.16139569657831,-7.5001585958385775,7.399999999999989e-05,60.888939868715184,-9.750101119208658
68.20630735230458,-7.5001585958385775,7.09999999999999e-05,65.93385152444144,-9.750101119208658
73.25121900803083,-7.5001585958385775,6.299999999999992e-05,70.9787631801677,-9.750101119208658
78.29613066375711,-7.5001585958385775,7.999999999999987e-05,76.02367483589397,-9.750101119208658
83.34104231948336,-7.5001585958385775,7.599999999999988e-05,81.06858649162024,-9.750101119208658
88.38595397520965,-7.5001585958385775,7.799999999999988e-05,86.1134981473465,-9.750101119208658
93.4308656309359,-7.5001585958385775,8.499999999999986e-05,91.15840980307277,-9.750101119208658
98.47577728666217,-7.5001585958385775,7.499999999999989e-05,96.20332145879904,-9.750101119208658
2.6224558278631322,-2.5002735490984183,7.299999999999989e-05,0.35,-4.750216072468497
7.6673674835893975,-2.5002735490984183,9.599999999999983e-05,5.394911655726265,-4.750216072468497
12.712279139315662,-2.5002735490984183,7.299999999999989e-05,10.43982331145253,-4.750216072468497
17.75719079504193,-2.5002735490984183,7.499999999999989e-05,15.484734967178795,-4.750216072468497
22.802102450768196,-2.5002735490984183,7.399999999999989e-05,20.529646622905062,-4.750216072468497
27.847014106494463,-2.5002735490984183,8.299999999999986e-05,25.57455827863133,-4.750216072468497
32.89192576222072,-2.5002735490984183,7.699999999999988e-05,30.619469934357593,-4.750216072468497
37.93683741794699,-2.5002735490984183,6.99999999999999e-05,35.664381590083856,-4.750216072468497
42.98174907367326,-2.5002735490984183,6.399999999999992e-05,40.70929324581012,-4.750216072468497
48.026660729399524,-2.5002735490984183,6.499999999999991e-05,45.75420490153639,-4.750216072468497
53.07157238512579,-2.5002735490984183,8.999999999999984e-05,50.79911655726266,-4.750216072468497
58.11648404085205,-2.5002735490984183,7.19999999999999e-05,55.84402821298892,-4.750216072468497
63.16139569657831,-2.5002735490984183,7.399999999999989e-05,60.888939868715184,-4.750216072468497
68.20630735230458,-2.5002735490984183,6.199999999999992e-05,65.93385152444144,-4.750216072468497
73.25121900803083,-2.5002735490984183,8.799999999999985e-05,70.9787631801677,-4.750216072468497
78.29613066375711,-2.5002735490984183,7.19999999999999e-05,76.02367483589397,-4.750216072468497
83.34104231948336,-2.5002735490984183,8.299999999999986e-05,81.06858649162024,-4.750216072468497
88.38595397520965,-2.5002735490984183,6.699999999999991e-05,86.1134981473465,-4.750216072468497
93.4308656309359,-2.5002735490984183,5.799999999999993e-05,91.15840980307277,-4.750216072468497
98.47577728666217,-2.5002735490984183,7.399999999999989e-05,96.20332145879904,-4.750216072468497
2.6224558278631322,2.499611497641739,6.299999999999992e-05,0.35,0.24966897427166046
7.6673674835893975,2.499611497641739,6.699999999999991e-05,5.394911655726265,0.24966897427166046
12.712279139315662,2.499611497641739,7.19999999999999e-05,10.43982331145253,0.24966897427166046
17.75719079504193,2.499611497641739,7.699999999999988e-05,15.484734967178795,0.24966897427166046
22.802102450768196,2.499611497641739,7.299999999999989e-05,20.529646622905062,0.24966897427166046
27.847014106494463,2.499611497641739,7.299999999999989e-05,25.57455827863133,0.24966897427166046
32.89192576222072,2.499611497641739,7.299999999999989e-05,30.619469934357593,0.24966897427166046
37.93683741794699,2.499611497641739,6.79999999999999e-05,35.664381590083856,0.24966897427166046
42.98174907367326,2.499611497641739,7.19999999999999e-05,40.70929324581012,0.24966897427166046
48.026660729399524,2.499611497641739,7.499999999999989e-05,45.75420490153639,0.24966897427166046
53.07157238512579,2.499611497641739,9.999999999999982e-05,50.79911655726266,0.24966897427166046
58.11648404085205,2.499611497641739,8.899999999999985e-05,55.84402821298892,0.24966897427166046
63.16139569657831,2.499611497641739,5.6999999999999935e-05,60.888939868715184,0.24966897427166046
68.20630735230458,2.499611497641739,8.899999999999985e-05,65.93385152444144,0.24966897427166046
73.25121900803083,2.499611497641739,7.599999999999988e-05,70.9787631801677,0.24966897427166046
78.29613066375711,2.499611497641739,7.19999999999999e-05,76.02367483589397,0.24966897427166046
83.34104231948336,2.499611497641739,7.399999999999989e-05,81.06858649162024,0.24966897427166046
88.38595397520965,2.499611497641739,7.699999999999988e-05,86.1134981473465,0.24966897427166046
93.4308656309359,2.499611497641739,6.499999999999991e-05,91.15840980307277,0.24966897427166046
98.47577728666217,2.499611497641739,7.899999999999987e-05,96.20332145879904,0.24966897427166046
2.6224558278631322,7.499496544381898,7.599999999999988e-05,0.35,5.249554021011818
7.6673674835893975,7.499496544381898,7.899999999999987e-05,5.394911655726265,5.249554021011818
12.712279139315662,7.499496544381898,6.79999999999999e-05,10.43982331145253,5.249554021011818
17.75719079504193,7.499496544381898,7.999999999999987e-05,15.484734967178795,5.249554021011818
22.802102450768196,7.499496544381898,8.899999999999985e-05,20.529646622905062,5.249554021011818
27.847014106494463,7.499496544381898,8.999999999999984e-05,25.57455827863133,5.249554021011818
32.89192576222072,7.499496544381898,6.89999999999999e-05,30.619469934357593,5.249554021011818
37.93683741794699,7.499496544381898,7.09999999999999e-05,35.664381590083856,5.249554021011818
42.98174907367326,7.499496544381898,7.699999999999988e-05,40.70929324581012,5.249554021011818
48.026660729399524,7.499496544381898,7.499999999999989e-05,45.75420490153639,5.249554021011818
53.07157238512579,7.499496544381898,6.0999999999999924e-05,50.79911655726266,5.249554021011818
58.11648404085205,7.499496544381898,7.899999999999987e-05,55.84402821298892,5.249554021011818
63.16139569657831,7.499496544381898,8.099999999999987e-05,60.888939868715184,5.249554021011818
68.20630735230458,7.499496544381898,7.299999999999989e-05,65.93385152444144,5.249554021011818
73.25121900803083,7.499496544381898,7.399999999999989e-05,70.9787631801677,5.249554021011818
78.29613066375711,7.499496544381898,7.999999999999987e-05,76.02367483589397,5.249554021011818
83.34104231948336,7.499496544381898,7.999999999999987e-05,81.06858649162024,5.249554021011818
88.38595397520965,7.499496544381898,7.19999999999999e-05,86.1134981473465,5.249554021011818
93.4308656309359,7.499496544381898,7.799999999999988e-05,91.15840980307277,5.249554021011818
98.47577728666217,7.499496544381898,7.09999999999999e-05,96.20332145879904,5.249554021011818
2.6224558278631322,12.49938159112206,6.199999999999992e-05,0.35,10.249439067751979
7.6673674835893975,12.49938159112206,7.399999999999989e-05,5.394911655726265,10.249439067751979
12.712279139315662,12.49938159112206,8.399999999999986e-05,10.43982331145253,10.249439067751979
17.75719079504193,12.49938159112206,6.79999999999999e-05,15.484734967178795,10.249439067751979
22.802102450768196,12.49938159112206,8.999999999999984e-05,20.529646622905062,10.249439067751979
27.847014106494463,12.49938159112206,6.89999999999999e-05,25.57455827863133,10.249439067751979
32.89192576222072,12.49938159112206,6.199999999999992e-05,30.619469934357593,10.249439067751979
37.93683741794699,12.49938159112206,7.599999999999988e-05,35.664381590083856,10.249439067751979
42.98174907367326,12.49938159112206,8.499999999999986e-05,40.70929324581012,10.249439067751979
48.026660729399524,12.49938159112206,8.499999999999986e-05,45.75420490153639,10.249439067751979
53.07157238512579,12.49938159112206,5.499999999999994e-05,50.79911655726266,10.249439067751979
58.11648404085205,12.49938159112206,6.299999999999992e-05,55.84402821298892,10.249439067751979
63.16139569657831,12.49938159112206,7.19999999999999e-05,60.888939868715184,10.249439067751979
68.20630735230458,12.49938159112206,7.899999999999987e-05,65.93385152444144,10.249439067751979
73.25121900803083,12.49938159112206,7.699999999999988e-05,70.9787631801677,10.249439067751979
78.29613066375711,12.49938159112206,6.79999999999999e-05,76.02367483589397,10.249439067751979
83.34104231948336,12.49938159112206,7.09999999999999e-05,81.06858649162024,10.249439067751979
88.38595397520965,12.49938159112206,8.599999999999985e-05,86.1134981473465,10.249439067751979
93.4308656309359,12.49938159112206,7.699999999999988e-05,91.15840980307277,10.249439067751979
98.47577728666217,12.49938159112206,7.999999999999987e-05,96.20332145879904,10.249439067751979
2.6224558278631322,17.49926663786222,7.399999999999989e-05,0.35,15.24932411449214
7.6673674835893975,17.49926663786222,7.399999999999989e-05,5.394911655726265,15.24932411449214
12.712279139315662,17.49926663786222,8.799999999999985e-05,10.43982331145253,15.24932411449214
17.75719079504193,17.49926663786222,8.699999999999985e-05,15.484734967178795,15.24932411449214
22.802102450768196,17.49926663786222,6.699999999999991e-05,20.529646622905062,15.24932411449214
27.847014106494463,17.49926663786222,6.299999999999992e-05,25.57455827863133,15.24932411449214
32.89192576222072,17.49926663786222,8.899999999999985e-05,30.619469934357593,15.24932411449214
37.93683741794699,17.49926663786222,6.399999999999992e-05,35.664381590083856,15.24932411449214
42.98174907367326,17.49926663786222,7.19999999999999e-05,40.70929324581012,15.24932411449214
48.026660729399524,17.49926663786222,7.299999999999989e-05,45.75420490153639,15.24932411449214
53.07157238512579,17.49926663786222,8.299999999999986e-05,50.79911655726266,15.24932411449214
58.11648404085205,17.49926663786222,7.19999999999999e-05,55.84402821298892,15.24932411449214
63.16139569657831,17.49926663786222,6.89999999999999e-05,60.888939868715184,15.24932411449214
68.20630735230458,17.49926663786222,6.599999999999991e-05,65.93385152444144,15.24932411449214
73.25121900803083,17.49926663786222,6.89999999999999e-05,70.9787631801677,15.24932411449214
78.29613066375711,17.49926663786222,7.799999999999988e-05,76.02367483589397,15.24932411449214
83.34104231948336,17.49926663786222,8.499999999999986e-05,81.06858649162024,15.24932411449214
88.38595397520965,17.49926663786222,7.899999999999987e-05,86.1134981473465,15.24932411449214
93.4308656309359,17.49926663786222,6.0999999999999924e-05,91.15840980307277,15.24932411449214
98.47577728666217,17.49926663786222,8.099999999999987e-05,96.20332145879904,15.24932411449214
2.6224558278631322,22.499151684602378,6.89999999999999e-05,0.35,20.2492091612323
7.6673674835893975,22.499151684602378,6.299999999999992e-05,5.394911655726265,20.2492091612323
12.712279139315662,22.499151684602378,8.099999999999987e-05,10.43982331145253,20.2492091612323
17.75719079504193,22.499151684602378,6.79999999999999e-05,15.484734967178795,20.2492091612323
22.802102450768196,22.499151684602378,6.599999999999991e-05,20.529646622905062,20.2492091612323
27.847014106494463,22.499151684602378,7.899999999999987e-05,25.57455827863133,20.2492091612323
32.89192576222072,22.499151684602378,8.899999999999985e-05,30.619469934357593,20.2492091612323
37.93683741794699,22.499151684602378,6.99999999999999e-05,35.664381590083856,20.2492091612323
42.98174907367326,22.499151684602378,8.799999999999985e-05,40.70929324581012,20.2492091612323
48.026660729399524,22.499151684602378,7.799999999999988e-05,45.75420490153639,20.2492091612323
53.07157238512579,22.499151684602378,6.99999999999999e-05,50.79911655726266,20.2492091612323
58.11648404085205,22.499151684602378,6.89999999999999e-05,55.84402821298892,20.2492091612323
63.16139569657831,22.499151684602378,7.999999999999987e-05,60.888939868715184,20.2492091612323
68.20630735230458,22.499151684602378,7.399999999999989e-05,65.93385152444144,20.2492091612323
73.25121900803083,22.499151684602378,6.199999999999992e-05,70.9787631801677,20.2492091612323
78.29613066375711,22.499151684602378,7.699999999999988e-05,76.02367483589397,20.2492091612323
83.34104231948336,22.499151684602378,6.399999999999992e-05,81.06858649162024,20.2492091612323
88.38595397520965,22.499151684602378,6.599999999999991e-05,86.1134981473465,20.2492091612323
93.4308656309359,22.499151684602378,7.19999999999999e-05,91.15840980307277,20.2492091612323
98.47577728666217,22.499151684602378,7.999999999999987e-05,96.20332145879904,20.2492091612323
2.6224558278631322,27.499036731342535,8.999999999999984e-05,0.35,25.249094207972455
7.6673674835893975,27.499036731342535,7.499999999999989e-05,5.394911655726265,25.249094207972455
12.712279139315662,27.499036731342535,6.99999999999999e-05,10.43982331145253,25.249094207972455
17.75719079504193,27.499036731342535,7.999999999999987e-05,15.484734967178795,25.249094207972455
22.802102450768196,27.499036731342535,6.499999999999991e-05,20.529646622905062,25.249094207972455
27.847014106494463,27.499036731342535,6.599999999999991e-05,25.57455827863133,25.249094207972455
32.89192576222072,27.499036731342535,7.999999999999987e-05,30.619469934357593,25.249094207972455
37.93683741794699,27.499036731342535,7.09999999999999e-05,35.664381590083856,25.249094207972455
42.98174907367326,27.499036731342535,8.699999999999985e-05,40.70929324581012,25.249094207972455
48.026660729399524,27.499036731342535,6.89999999999999e-05,45.75420490153639,25.249094207972455
53.07157238512579,27.499036731342535,7.499999999999989e-05,50.79911655726266,25.249094207972455
58.11648404085205,27.499036731342535,8.699999999999985e-05,55.84402821298892,25.249094207972455
63.16139569657831,27.499036731342535,5.499999999999994e-05,60.888939868715184,25.249094207972455
68.20630735230458,27.499036731342535,8.199999999999987e-05,65.93385152444144,25.249094207972455
73.25121900803083,27.499036731342535,6.399999999999992e-05,70.9787631801677,25.249094207972455
78.29613066375711,27.499036731342535,8.599999999999985e-05,76.02367483589397,25.249094207972455
83.34104231948336,27.499036731342535,6.299999999999992e-05,81.06858649162024,25.249094207972455
88.38595397520965,27.499036731342535,8.799999999999985e-05,86.1134981473465,25.249094207972455
93.4308656309359,27.499036731342535,8.699999999999985e-05,91.15840980307277,25.249094207972455
98.47577728666217,27.499036731342535,9.499999999999983e-05,96.20332145879904,25.249094207972455
2.6224558278631322,32.49892177808269,6.499999999999991e-05,0.35,30.248979254712616
7.6673674835893975,32.49892177808269,6.89999999999999e-05,5.394911655726265,30.248979254712616
12.712279139315662,32.49892177808269,8.099999999999987e-05,10.43982331145253,30.248979254712616
17.75719079504193,32.49892177808269,6.499999999999991e-05,15.484734967178795,30.248979254712616
22.802102450768196,32.49892177808269,7.299999999999989e-05,20.529646622905062,30.248979254712616
27.847014106494463,32.49892177808269,7.599999999999988e-05,25.57455827863133,30.248979254712616
32.89192576222072,32.49892177808269,7.699999999999988e-05,30.619469934357593,30.248979254712616
37.93683741794699,32.49892177808269,8.799999999999985e-05,35.664381590083856,30.248979254712616
42.98174907367326,32.49892177808269,7.499999999999989e-05,40.70929324581012,30.248979254712616
48.026660729399524,32.49892177808269,7.999999999999987e-05,45.75420490153639,30.248979254712616
53.07157238512579,32.49892177808269,6.0999999999999924e-05,50.79911655726266,30.248979254712616
58.11648404085205,32.49892177808269,7.499999999999989e-05,55.84402821298892,30.248979254712616
63.16139569657831,32.49892177808269,7.699999999999988e-05,60.888939868715184,30.248979254712616
68.20630735230458,32.49892177808269,8.899999999999985e-05,65.93385152444144,30.248979254712616
73.25121900803083,32.49892177808269,6.89999999999999e-05,70.9787631801677,30.248979254712616
78.29613066375711,32.49892177808269,8.099999999999987e-05,76.02367483589397,30.248979254712616
83.34104231948336,32.49892177808269,7.899999999999987e-05,81.06858649162024,30.248979254712616
88.38595397520965,32.49892177808269,8.299999999999986e-05,86.1134981473465,30.248979254712616
93.4308656309359,32.49892177808269,7.09999999999999e-05,91.15840980307277,30.248979254712616
98.47577728666217,32.49892177808269,7.899999999999987e-05,96.20332145879904,30.248979254712616
2.6224558278631322,37.49880682482285,7.399999999999989e-05,0.35,35.24886430145277
7.6673674835893975,37.49880682482285,7.499999999999989e-05,5.394911655726265,35.24886430145277
12.712279139315662,37.49880682482285,7.499999999999989e-05,10.43982331145253,35.24886430145277
17.75719079504193,37.49880682482285,7.299999999999989e-05,15.484734967178795,35.24886430145277
22.802102450768196,37.49880682482285,6.499999999999991e-05,20.529646622905062,35.24886430145277
27.847014106494463,37.49880682482285,7.699999999999988e-05,25.57455827863133,35.24886430145277
32.89192576222072,37.49880682482285,7.699999999999988e-05,30.619469934357593,35.24886430145277
37.93683741794699,37.49880682482285,5.999999999999993e-05,35.664381590083856,35.24886430145277
42.98174907367326,37.49880682482285,6.299999999999992e-05,40.70929324581012,35.24886430145277
48.026660729399524,37.49880682482285,6.89999999999999e-05,45.75420490153639,35.24886430145277
53.07157238512579,37.49880682482285,7.699999999999988e-05,50.79911655726266,35.24886430145277
58.11648404085205,37.49880682482285,7.09999999999999e-05,55.84402821298892,35.24886430145277
63.16139569657831,37.49880682482285,7.299999999999989e-05,60.888939868715184,35.24886430145277
68.20630735230458,37.49880682482285,7.499999999999989e-05,65.93385152444144,35.24886430145277
73.25121900803083,37.49880682482285,7.19999999999999e-05,70.9787631801677,35.24886430145277
78.29613066375711,37.49880682482285,6.199999999999992e-05,76.02367483589397,35.24886430145277
83.34104231948336,37.49880682482285,6.199999999999992e-05,81.06858649162024,35.24886430145277
88.38595397520965,37.49880682482285,6.99999999999999e-05,86.1134981473465,35.24886430145277
93.4308656309359,37.49880682482285,6.99999999999999e-05,91.15840980307277,35.24886430145277
98.47577728666217,37.49880682482285,7.09999999999999e-05,96.20332145879904,35.24886430145277
2.6224558278631322,42.49869187156301,6.499999999999991e-05,0.35,40.24874934819293
7.6673674835893975,42.49869187156301,7.399999999999989e-05,5.394911655726265,40.24874934819293
12.712279139315662,42.49869187156301,7.299999999999989e-05,10.43982331145253,40.24874934819293
17.75719079504193,42.49869187156301,8.899999999999985e-05,15.484734967178795,40.24874934819293
22.802102450768196,42.49869187156301,7.299999999999989e-05,20.529646622905062,40.24874934819293
27.847014106494463,42.49869187156301,6.99999999999999e-05,25.57455827863133,40.24874934819293
32.89192576222072,42.49869187156301,6.499999999999991e-05,30.619469934357593,40.24874934819293
37.93683741794699,42.49869187156301,7.699999999999988e-05,35.664381590083856,40.24874934819293
42.98174907367326,42.49869187156301,7.699999999999988e-05,40.70929324581012,40.24874934819293
48.026660729399524,42.49869187156301,5.999999999999993e-05,45.75420490153639,40.24874934819293
53.07157238512579,42.49869187156301,7.599999999999988e-05,50.79911655726266,40.24874934819293
58.11648404085205,42.49869187156301,6.399999999999992e-05,55.84402821298892,40.24874934819293
63.16139569657831,42.49869187156301,7.399999999999989e-05,60.888939868715184,40.24874934819293
68.20630735230458,42.49869187156301,7.799999999999988e-05,65.93385152444144,40.24874934819293
73.25121900803083,42.49869187156301,6.0999999999999924e-05,70.9787631801677,40.24874934819293
78.29613066375711,42.49869187156301,8.899999999999985e-05,76.02367483589397,40.24874934819293
83.34104231948336,42.49869187156301,8.699999999999985e-05,81.06858649162024,40.24874934819293
88.38595397520965,42.49869187156301,5.899999999999993e-05,86.1134981473465,40.24874934819293
93.4308656309359,42.49869187156301,6.499999999999991e-05,91.15840980307277,40.24874934819293
98.47577728666217,42.49869187156301,7.09999999999999e-05,96.20332145879904,40.24874934819293
2.6224558278631322,47.49857691830317,8.399999999999986e-05,0.35,45.24863439493309
7.6673674835893975,47.49857691830317,8.099999999999987e-05,5.394911655726265,45.24863439493309
12.712279139315662,47.49857691830317,7.09999999999999e-05,10.43982331145253,45.24863439493309
17.75719079504193,47.49857691830317,5.899999999999993e-05,15.484734967178795,45.24863439493309
22.802102450768196,47.49857691830317,7.599999999999988e-05,20.529646622905062,45.24863439493309
27.847014106494463,47.49857691830317,8.199999999999987e-05,25.57455827863133,45.24863439493309
32.89192576222072,47.49857691830317,7.499999999999989e-05,30.619469934357593,45.24863439493309
37.93683741794699,47.49857691830317,6.79999999999999e-05,35.664381590083856,45.24863439493309
42.98174907367326,47.49857691830317,7.19999999999999e-05,40.70929324581012,45.24863439493309
48.026660729399524,47.49857691830317,7.699999999999988e-05,45.75420490153639,45.24863439493309
53.07157238512579,47.49857691830317,6.699999999999991e-05,50.79911655726266,45.24863439493309
58.11648404085205,47.49857691830317,7.699999999999988e-05,55.84402821298892,45.24863439493309
63.16139569657831,47.49857691830317,8.099999999999987e-05,60.888939868715184,45.24863439493309
68.20630735230458,47.49857691830317,7.299999999999989e-05,65.93385152444144,45.24863439493309
73.25121900803083,47.49857691830317,7.299999999999989e-05,70.9787631801677,45.24863439493309
78.29613066375711,47.49857691830317,6.399999999999992e-05,76.02367483589397,45.24863439493309
83.34104231948336,47.49857691830317,6.89999999999999e-05,81.06858649162024,45.24863439493309
88.38595397520965,47.49857691830317,0.0001059999999999998,86.1134981473465,45.24863439493309
93.4308656309359,47.49857691830317,8.199999999999987e-05,91.15840980307277,45.24863439493309
98.47577728666217,47.49857691830317,9.599999999999983e-05,96.20332145879904,45.24863439493309
2.6224558278631322,52.49846196504333,8.799999999999985e-05,0.35,50.24851944167325
7.6673674835893975,52.49846196504333,6.79999999999999e-05,5.394911655726265,50.24851944167325
12.712279139315662,52.49846196504333,9.699999999999982e-05,10.43982331145253,50.24851944167325
17.75719079504193,52.49846196504333,8.299999999999986e-05,15.484734967178795,50.24851944167325
22.802102450768196,52.49846196504333,7.899999999999987e-05,20.529646622905062,50.24851944167325
27.847014106494463,52.49846196504333,7.399999999999989e-05,25.57455827863133,50.24851944167325
32.89192576222072,52.49846196504333,7.09999999999999e-05,30.619469934357593,50.24851944167325
37.93683741794699,52.49846196504333,7.09999999999999e-05,35.664381590083856,50.24851944167325
42.98174907367326,52.49846196504333,6.499999999999991e-05,40.70929324581012,50.24851944167325
48.026660729399524,52.49846196504333,9.599999999999983e-05,45.75420490153639,50.24851944167325
53.07157238512579,52.49846196504333,6.99999999999999e-05,50.79911655726266,50.24851944167325
58.11648404085205,52.49846196504333,7.499999999999989e-05,55.84402821298892,50.24851944167325
63.16139569657831,52.49846196504333,6.89999999999999e-05,60.888939868715184,50.24851944167325
68.20630735230458,52.49846196504333,8.699999999999985e-05,65.93385152444144,50.24851944167325
73.25121900803083,52.49846196504333,6.599999999999991e-05,70.9787631801677,50.24851944167325
78.29613066375711,52.49846196504333,6.599999999999991e-05,76.02367483589397,50.24851944167325
83.34104231948336,52.49846196504333,7.799999999999988e-05,81.06858649162024,50.24851944167325
88.38595397520965,52.49846196504333,8.499999999999986e-05,86.1134981473465,50.24851944167325
93.4308656309359,52.49846196504333,6.499999999999991e-05,91.15840980307277,50.24851944167325
98.47577728666217,52.49846196504333,6.699999999999991e-05,96.20332145879904,50.24851944167325
2.6224558278631322,57.498347011783494,9.199999999999984e-05,0.35,55.248404488413414
7.6673674835893975,57.498347011783494,7.19999999999999e-05,5.394911655726265,55.248404488413414
12.712279139315662,57.498347011783494,6.599999999999991e-05,10.43982331145253,55.248404488413414
17.75719079504193,57.498347011783494,7.599999999999988e-05,15.484734967178795,55.248404488413414
22.802102450768196,57.498347011783494,7.699999999999988e-05,20.529646622905062,55.248404488413414
27.847014106494463,57.498347011783494,5.999999999999993e-05,25.57455827863133,55.248404488413414
32.89192576222072,57.498347011783494,7.499999999999989e-05,30.619469934357593,55.248404488413414
37.93683741794699,57.498347011783494,6.99999999999999e-05,35.664381590083856,55.248404488413414
42.98174907367326,57.498347011783494,8.099999999999987e-05,40.70929324581012,55.248404488413414
48.026660729399524,57.498347011783494,8.799999999999985e-05,45.75420490153639,55.248404488413414
53.07157238512579,57.498347011783494,7.399999999999989e-05,50.79911655726266,55.248404488413414
58.11648404085205,57.498347011783494,8.799999999999985e-05,55.84402821298892,55.248404488413414
63.16139569657831,57.498347011783494,7.09999999999999e-05,60.888939868715184,55.248404488413414
68.20630735230458,57.498347011783494,9.099999999999984e-05,65.93385152444144,55.248404488413414
73.25121900803083,57.498347011783494,6.699999999999991e-05,70.9787631801677,55.248404488413414
78.29613066375711,57.498347011783494,6.99999999999999e-05,76.02367483589397,55.248404488413414
83.34104231948336,57.498347011783494,7.499999999999989e-05,81.06858649162024,55.248404488413414
88.38595397520965,57.498347011783494,6.99999999999999e-05,86.1134981473465,55.248404488413414
93.4308656309359,57.498347011783494,7.499999999999989e-05,91.15840980307277,55.248404488413414
98.47577728666217,57.498347011783494,8.199999999999987e-05,96.20332145879904,55.248404488413414
2.6224558278631322,62.498232058523655,5.999999999999993e-05,0.35,60.248289535153575
7.6673674835893975,62.498232058523655,8.799999999999985e-05,5.394911655726265,60.248289535153575
12.712279139315662,62.498232058523655,7.09999999999999e-05,10.43982331145253,60.248289535153575
17.75719079504193,62.498232058523655,8.499999999999986e-05,15.484734967178795,60.248289535153575
22.802102450768196,62.498232058523655,7.09999999999999e-05,20.529646622905062,60.248289535153575
27.847014106494463,62.498232058523655,9.299999999999983e-05,25.57455827863133,60.248289535153575
32.89192576222072,62.498232058523655,7.799999999999988e-05,30.619469934357593,60.248289535153575
37.93683741794699,62.498232058523655,8.899999999999985e-05,35.664381590083856,60.248289535153575
42.98174907367326,62.498232058523655,7.399999999999989e-05,40.70929324581012,60.248289535153575
48.026660729399524,62.498232058523655,7.499999999999989e-05,45.75420490153639,60.248289535153575
53.07157238512579,62.498232058523655,9.499999999999983e-05,50.79911655726266,60.248289535153575
58.11648404085205,62.498232058523655,9.699999999999982e-05,55.84402821298892,60.248289535153575
63.16139569657831,62.498232058523655,7.09999999999999e-05,60.888939868715184,60.248289535153575
68.20630735230458,62.498232058523655,6.499999999999991e-05,65.93385152444144,60.248289535153575
73.25121900803083,62.498232058523655,9.499999999999983e-05,70.9787631801677,60.248289535153575
78.29613066375711,62.498232058523655,7.19999999999999e-05,76.02367483589397,60.248289535153575
83.34104231948336,62.498232058523655,6.89999999999999e-05,81.06858649162024,60.248289535153575
88.38595397520965,62.498232058523655,7.699999999999988e-05,86.1134981473465,60.248289535153575
93.4308656309359,62.498232058523655,7.799999999999988e-05,91.15840980307277,60.248289535153575
98.47577728666217,62.498232058523655,8.299999999999986e-05,96.20332145879904,60.248289535153575
2.6224558278631322,67.49811710526382,8.899999999999985e-05,0.35,65.24817458189374
7.6673674835893975,67.49811710526382,7.799999999999988e-05,5.394911655726265,65.24817458189374
12.712279139315662,67.49811710526382,7.09999999999999e-05,10.43982331145253,65.24817458189374
17.75719079504193,67.49811710526382,5.899999999999993e-05,15.484734967178795,65.24817458189374
22.802102450768196,67.49811710526382,7.999999999999987e-05,20.529646622905062,65.24817458189374
27.847014106494463,67.49811710526382,8.199999999999987e-05,25.57455827863133,65.24817458189374
32.89192576222072,67.49811710526382,6.499999999999991e-05,30.619469934357593,65.24817458189374
37.93683741794699,67.49811710526382,7.699999999999988e-05,35.664381590083856,65.24817458189374
42.98174907367326,67.49811710526382,8.099999999999987e-05,40.70929324581012,65.24817458189374
48.026660729399524,67.49811710526382,7.699999999999988e-05,45.75420490153639,65.24817458189374
53.07157238512579,67.49811710526382,8.199999999999987e-05,50.79911655726266,65.24817458189374
58.11648404085205,67.49811710526382,7.499999999999989e-05,55.84402821298892,65.24817458189374
63.16139569657831,67.49811710526382,7.19999999999999e-05,60.888939868715184,65.24817458189374
68.20630735230458,67.49811710526382,7.299999999999989e-05,65.93385152444144,65.24817458189374
73.25121900803083,67.49811710526382,6.99999999999999e-05,70.9787631801677,65.24817458189374
78.29613066375711,67.49811710526382,6.199999999999992e-05,76.02367483589397,65.24817458189374
83.34104231948336,67.49811710526382,6.99999999999999e-05,81.06858649162024,65.24817458189374
88.38595397520965,67.49811710526382,6.199999999999992e-05,86.1134981473465,65.24817458189374
93.4308656309359,67.49811710526382,7.399999999999989e-05,91.15840980307277,65.24817458189374
98.47577728666217,67.49811710526382,8.399999999999986e-05,96.20332145879904,65.24817458189374
